"","BBAS3 ","BBDC3 ","",""
"1","30.2329108478195","16.2395137357714","1.57467075365274","Fora"
"2","29.8","15.05","1.57467075365274","OpenRight"
"3","29.35","14.862","1.57467075365274","OpenRight"
"4","29.01","15.175","1.57467075365274","OpenRight"
"5","29.7","15.349","1.57467075365274","OpenRight"
"6","30.31","15.697","1.57467075365274","OpenRight"
"7","30.85","15.293","1.57467075365274","OpenRight"
"8","31.74","15.261","1.57467075365274","OpenRight"
"9","30.12","15.042","1.57467075365274","OpenRight"
"10","30","15.258","1.57467075365274","OpenRight"
"11","29.31","14.979","1.57467075365274","OpenRight"
"12","29.3","14.575","1.57467075365274","OpenRight"
"13","28.99","14.055","1.57467075365274","OpenRight"
"14","28.55","14.102","1.57467075365274","OpenRight"
"15","27.09","13.475","1.57467075365274","OpenRight"
"16","28.7","13.475","1.57467075365274","OpenRight"
"17","27.4","12.974","1.57467075365274","OpenRight"
"18","29.45","14.023","1.57467075365274","OpenRight"
"19","30.7547628642823","14.7246777179818","1.57467075365274","OpenRight"
"20","29.1","14.023","1.57467075365274","OpenRight"
"21","29.7","13.954","1.57467075365274","OpenRight"
"22","30.4","13.804","1.57467075365274","OpenRight"
"23","29.25","13.475","1.57467075365274","OpenRight"
"24","29","13.475","1.57467075365274","OpenRight"
"25","28.9199705297078","13.3628637139707","1.57467075365274","OpenRight"
"26","28.6942362045018","13.2542988143973","1.57467075365274","OpenRight"
"27","28.35","13.155","1.57467075365274","OpenRight"
"28","28","13.052","1.57467075365274","OpenRight"
"29","28","12.892","1.57467075365274","OpenRight"
"30","28.25","13.412","1.57467075365274","OutRight"
"31","28.75","13.6","1.57467075365274","Fora"
"32","28.76","13.788","1.57467075365274","Fora"
"33","28.25","13.506","1.57467075365274","Fora"
"34","28.55","13.538","1.57467075365274","Fora"
"35","29.6","13.879","1.57467075365274","Fora"
"36","30.05","13.754","1.57467075365274","OpenRight"
"37","30.89","13.82","1.57467075365274","OpenRight"
"38","31.7","13.845","1.57467075365274","OpenRight"
"39","31.15","14.133","1.57467075365274","OpenRight"
"40","30","14.399","1.57467075365274","OutRight"
"41","28.51","14.826","1.57467075365274","OpenLeft"
"42","28.25","15.104","1.57467075365274","OpenLeft"
"43","28.1","15.606","1.57467075365274","OpenLeft"
"44","28.27","14.885","1.57467075365274","OpenLeft"
"45","27.8","15.355","1.57467075365274","OpenLeft"
"46","27.2","15.12","1.57467075365274","OpenLeft"
"47","27.74","15.308","1.57467075365274","OpenLeft"
"48","27.2","14.634","1.57467075365274","OpenLeft"
"49","26.8","14.387","1.57467075365274","OpenLeft"
"50","26.5","14.102","1.57467075365274","OpenLeft"
"51","26.59","14.713","1.57467075365274","OpenLeft"
"52","25.77","14.681","1.57467075365274","OpenLeft"
"53","25.8","14.446","1.57467075365274","OpenLeft"
"54","26.5","14.321","1.57467075365274","OpenLeft"
"55","25.2","14.052","1.57467075365274","OpenLeft"
"56","25.75","14.29","1.57467075365274","OpenLeft"
"57","25.25","13.409","1.57467075365274","OpenLeft"
"58","24.9","13.459","1.57467075365274","OpenLeft"
"59","24.7621096214185","13.5540775371489","1.57467075365274","OpenLeft"
"60","25.5","13.632","1.57467075365274","OpenLeft"
"61","26","14.014","1.57467075365274","OpenLeft"
"62","25.5","13.726","1.57467075365274","OpenLeft"
"63","24.6","13.475","1.57467075365274","OpenLeft"
"64","23.42","13.256","1.57467075365274","OpenLeft"
"65","23.11","13.381","1.57467075365274","OpenLeft"
"66","24.66","13.726","1.57467075365274","OpenLeft"
"67","25.25","13.788","1.57467075365274","OpenLeft"
"68","24.9","13.663","1.57467075365274","OpenLeft"
"69","24.66","13.945","1.57467075365274","OpenLeft"
"70","24.95","14.102","1.57467075365274","OpenLeft"
"71","25.1","14.29","1.57467075365274","OpenLeft"
"72","24.35","13.97","1.57467075365274","OpenLeft"
"73","23.56","14.238","1.57467075365274","OpenLeft"
"74","23.4","13.961","1.57467075365274","OpenLeft"
"75","22.62","13.679","1.57467075365274","OpenLeft"
"76","22.77","13.773","1.57467075365274","OpenLeft"
"77","24.35","14.266","1.57467075365274","OpenLeft"
"78","25.35","14.478","1.57467075365274","OutLeft"
"79","25.4","14.572","1.57467075365274","Fora"
"80","25.5226110746143","14.4858458964409","1.57467075365274","Fora"
"81","25.1","14.464","1.57467075365274","Fora"
"82","24.55","14.501","1.57467075365274","Fora"
"83","25.32","14.572","1.57467075365274","Fora"
"84","26.6","14.75","1.57467075365274","OpenRight"
"85","26.75","14.76","1.57467075365274","OpenRight"
"86","26.36","14.45","1.57467075365274","OpenRight"
"87","28.9","15.46","1.57467075365274","OpenRight"
"88","30.2895937995966","16.0639673568773","1.57467075365274","OpenRight"
"89","30.43","16.212","1.57467075365274","OpenRight"
"90","30","16.151","1.57467075365274","OpenRight"
"91","28.9","15.512","1.57467075365274","OpenRight"
"92","27.99","15.512","1.57467075365274","OpenRight"
"93","28.75","15.7","1.57467075365274","OpenRight"
"94","28.55","15.606","1.57467075365274","OpenRight"
"95","28.99","15.864","1.57467075365274","OpenRight"
"96","28.4","15.723","1.57467075365274","OpenRight"
"97","28.93","15.606","1.57467075365274","OpenRight"
"98","29.5","15.629","1.57467075365274","OpenRight"
"99","29.9","15.836","1.57467075365274","OpenRight"
"100","30.15","15.982","1.57467075365274","OpenRight"
"101","30.1","15.911","1.57467075365274","OpenRight"
"102","29.15","15.559","1.57467075365274","OpenRight"
"103","28.5358427120001","15.4482657947978","1.57467075365274","OpenRight"
"104","28.33","15.502","1.57467075365274","OutRight"
"105","28.35","15.361","1.57467075365274","Fora"
"106","29.1","15.512","1.57467075365274","Fora"
"107","30.85","16.052","1.57467075365274","OpenRight"
"108","31.01","15.982","1.57467075365274","OpenRight"
"109","32.54","16.076","1.57467075365274","OpenRight"
"110","31.67","15.883","1.57467075365274","OpenRight"
"111","30.5","15.46","1.57467075365274","OpenRight"
"112","30.21","15.253","1.57467075365274","OpenRight"
"113","31.8","15.742","1.57467075365274","OpenRight"
"114","30.93","15.366","1.57467075365274","OpenRight"
"115","30.45","15.061","1.57467075365274","OpenRight"
"116","30.3","14.548","1.57467075365274","OpenRight"
"117","29.7","14.407","1.57467075365274","OpenRight"
"118","29.61","14.76","1.57467075365274","OpenRight"
"119","28.8","14.849","1.57467075365274","OutRight"
"120","29.4","14.873","1.57467075365274","Fora"
"121","29.75","15.112","1.57467075365274","Fora"
"122","28.5","14.713","1.57467075365274","OpenLeft"
"123","28.5","14.708","1.57467075365274","OpenLeft"
"124","27.41","14.285","1.57467075365274","OpenLeft"
"125","27.04","14.031","1.57467075365274","OpenLeft"
"126","26.97","14.045","1.57467075365274","OpenLeft"
"127","28.35","14.205","1.57467075365274","OutLeft"
"128","27.26","13.632","1.57467075365274","Fora"
"129","26.74","13.679","1.57467075365274","Fora"
"130","26.15","13.773","1.57467075365274","OpenLeft"
"131","24.65","13.359","1.57467075365274","OpenLeft"
"132","24","13.397","1.57467075365274","OpenLeft"
"133","23.62","13.091","1.57467075365274","OpenLeft"
"134","23.8","13.053","1.57467075365274","OpenLeft"
"135","23.07","13.091","1.57467075365274","OpenLeft"
"136","24.25","13.284","1.57467075365274","OpenLeft"
"137","24.5893398614275","13.2833656114453","1.57467075365274","OpenLeft"
"138","24.2","13.162","1.57467075365274","OpenLeft"
"139","23.8","13.105","1.57467075365274","OpenLeft"
"140","24.15","13.068","1.57467075365274","OpenLeft"
"141","24.4","12.875","1.57467075365274","OpenLeft"
"142","25.36","13.74","1.57467075365274","OpenLeft"
"143","24.61","13.773","1.57467075365274","OpenLeft"
"144","24.95","14.05","1.57467075365274","OpenLeft"
"145","25.02","14.064","1.57467075365274","OpenLeft"
"146","24","14.05","1.57467075365274","OpenLeft"
"147","24.8","14.097","1.57467075365274","OpenLeft"
"148","24.73","13.867","1.57467075365274","OpenLeft"
"149","24.25","13.632","1.57467075365274","OpenLeft"
"150","23.07","13.392","1.57467075365274","OpenLeft"
"151","24.4","13.608","1.57467075365274","OpenLeft"
"152","25.28","13.796","1.57467075365274","OutLeft"
"153","25.1","13.773","1.57467075365274","Fora"
"154","23.81","13.627","1.57467075365274","Fora"
"155","22.58","12.927","1.57467075365274","OpenLeft"
"156","23","13.256","1.57467075365274","OpenLeft"
"157","24.15","13.397","1.57467075365274","OpenLeft"
"158","23.8","13.397","1.57467075365274","OpenLeft"
"159","23.4","13.35","1.57467075365274","OpenLeft"
"160","22.57","12.974","1.57467075365274","OpenLeft"
"161","21.8","12.786","1.57467075365274","OpenLeft"
"162","21.2","12.635","1.57467075365274","OpenLeft"
"163","21.8","12.724","1.57467075365274","OpenLeft"
"164","22.29","12.715","1.57467075365274","OpenLeft"
"165","22.31","12.41","1.57467075365274","OutLeft"
"166","22.2","12.315","1.57467075365274","Fora"
"167","22.65","12.546","1.57467075365274","Fora"
"168","23.3","12.598","1.57467075365274","OpenRight"
"169","23.51","12.682","1.57467075365274","OpenRight"
"170","22.78","12.362","1.57467075365274","OpenRight"
"171","22.2","12.193","1.57467075365274","OpenRight"
"172","23.4","12.405","1.57467075365274","OpenRight"
"173","24.2","12.663","1.57467075365274","OpenRight"
"174","23.79","12.588","1.57467075365274","OpenRight"
"175","23.13","12.362","1.57467075365274","OpenRight"
"176","23.34","12.598","1.57467075365274","OpenRight"
"177","23.1","12.621","1.57467075365274","OpenRight"
"178","22.4","12.489","1.57467075365274","OutRight"
"179","22.5","12.494","1.57467075365274","Fora"
"180","21.95","12.692","1.57467075365274","OpenLeft"
"181","21.49","12.428","1.57467075365274","OpenLeft"
"182","22.24","12.414","1.57467075365274","OpenLeft"
"183","22.6","12.48","1.57467075365274","OpenLeft"
"184","22.45","12.457","1.57467075365274","OpenLeft"
"185","20.46","11.977","1.57467075365274","OpenLeft"
"186","21.83","11.516","1.57467075365274","OutLeft"
"187","19.9","11.136","1.57467075365274","Fora"
"188","21","11.939","1.57467075365274","Fora"
"189","22.98","12.668","1.57467075365274","Fora"
"190","22","12.433","1.57467075365274","Fora"
"191","22.29","12.221","1.57467075365274","Fora"
"192","22.2","12.033","1.57467075365274","Fora"
"193","22.8","12.457","1.57467075365274","Fora"
"194","22.75","12.645","1.57467075365274","Fora"
"195","20.47","11.751","1.57467075365274","OpenLeft"
"196","22.75","12.645","1.57467075365274","OpenLeft"
"197","22.5","12.781","1.57467075365274","OpenLeft"
"198","20.3","12.358","1.57467075365274","OpenLeft"
"199","19","11.361","1.57467075365274","OpenLeft"
"200","17.63","10.623","1.57467075365274","OpenLeft"
"201","16.6","10.576","1.57467075365274","OpenLeft"
"202","15.9","10.764","1.57467075365274","OpenLeft"
"203","14.65","9.73","1.57467075365274","OpenLeft"
"204","14","9.584","1.57467075365274","OpenLeft"
"205","16.9","11.187","1.57467075365274","OpenLeft"
"206","17.99","11.751","1.57467075365274","OpenLeft"
"207","16.11","10.811","1.57467075365274","OpenLeft"
"208","15.35","10.257","1.57467075365274","OpenLeft"
"209","15.09","9.937","1.57467075365274","OpenLeft"
"210","16.6","10.67","1.57467075365274","OpenLeft"
"211","16.4","10.069","1.57467075365274","OutLeft"
"212","13.88","9.349","1.57467075365274","OpenLeft"
"213","13.09","8.696","1.57467075365274","OpenLeft"
"214","12.75","7.892","1.57467075365274","OutLeft"
"215","11.7","7.709","1.57467075365274","Fora"
"216","13.25","8.696","1.57467075365274","Fora"
"217","14","9.119","1.57467075365274","Fora"
"218","14.66","10.337","1.57467075365274","OpenLeft"
"219","14.77","10.337","1.57467075365274","OpenLeft"
"220","14.32","10.29","1.57467075365274","OpenLeft"
"221","16.56","10.576","1.57467075365274","OutLeft"
"222","16.05","9.66","1.57467075365274","OpenRight"
"223","15","9.429","1.57467075365274","OpenRight"
"224","15.3","8.978","1.57467075365274","OpenRight"
"225","14.41","9.537","1.57467075365274","OutRight"
"226","14.24","9.472","1.57467075365274","Fora"
"227","13.19","8.795","1.57467075365274","Fora"
"228","14.1","9.411","1.57467075365274","Fora"
"229","13.94","9.26","1.57467075365274","Fora"
"230","14.1","9.443","1.57467075365274","Fora"
"231","13.4","9.039","1.57467075365274","Fora"
"232","13.32","8.508","1.57467075365274","Fora"
"233","12.4289142387814","8.0016214202158","1.57467075365274","Fora"
"234","11.41","7.756","1.57467075365274","Fora"
"235","12.5","8.485","1.57467075365274","Fora"
"236","12.88","8.55","1.57467075365274","Fora"
"237","14.09","9.354","1.57467075365274","Fora"
"238","14.15","9.448","1.57467075365274","Fora"
"239","14.3","9.961","1.57467075365274","OpenLeft"
"240","14.3","9.49","1.57467075365274","OpenLeft"
"241","14.25","9.636","1.57467075365274","OpenLeft"
"242","14.3","9.664","1.57467075365274","OpenLeft"
"243","14.6","9.646","1.57467075365274","OpenLeft"
"244","15.75","9.636","1.57467075365274","OutLeft"
"245","17.17","9.824","1.57467075365274","OpenRight"
"246","16.95","9.824","1.57467075365274","OpenRight"
"247","16.3","9.777","1.57467075365274","OpenRight"
"248","15.6","9.589","1.57467075365274","OpenRight"
"249","15.65","9.73","1.57467075365274","OpenRight"
"250","14.9","9.528","1.57467075365274","OpenRight"
"251","15.65","9.848","1.57467075365274","OpenRight"
"252","15.25","10.012","1.57467075365274","OutRight"
"253","15.35","10.012","1.57467075365274","Fora"
"254","15.2","9.73","1.57467075365274","Fora"
"255","15.05","9.453","1.57467075365274","Fora"
"256","14","9.114","1.57467075365274","Fora"
"257","13.5938082883786","8.95573536622597","1.57467075365274","Fora"
"258","13.7672154583602","8.97592958813507","1.57467075365274","Fora"
"259","14","9.039","1.57467075365274","Fora"
"260","14","9.157","1.57467075365274","Fora"
"261","14.68","9.396","1.57467075365274","Fora"
"262","15.1005051008042","9.65053673641437","1.57467075365274","Fora"
"263","15.1641521565246","9.84279868066237","1.57467075365274","Fora"
"264","15","9.918","1.57467075365274","Fora"
"265","15.28","9.843","1.57467075365274","Fora"
"266","16.12","10.012","1.57467075365274","Fora"
"267","15.76","9.866","1.57467075365274","Fora"
"268","15.4","9.942","1.57467075365274","Fora"
"269","15.88","9.871","1.57467075365274","Fora"
"270","15.75","9.396","1.57467075365274","OpenRight"
"271","15.13","9.213","1.57467075365274","OpenRight"
"272","14.11","8.649","1.57467075365274","OpenRight"
"273","15","8.701","1.57467075365274","OpenRight"
"274","14.4","8.691","1.57467075365274","OpenRight"
"275","14.44","9.002","1.57467075365274","OpenRight"
"276","13.45","8.231","1.57467075365274","OpenRight"
"277","13.75","8.597","1.57467075365274","OpenRight"
"278","13.55","8.579","1.57467075365274","OpenRight"
"279","13.3","8.649","1.57467075365274","OutRight"
"280","14.11","8.579","1.57467075365274","Fora"
"281","14.35","8.546","1.57467075365274","Fora"
"282","14.71","8.748","1.57467075365274","Fora"
"283","14.15","8.555","1.57467075365274","Fora"
"284","14.2","8.555","1.57467075365274","Fora"
"285","13.76","8.409","1.57467075365274","Fora"
"286","14.18","8.381","1.57467075365274","Fora"
"287","13.96","8.494","1.57467075365274","Fora"
"288","14.4","8.748","1.57467075365274","Fora"
"289","14.58","8.889","1.57467075365274","Fora"
"290","14.3","8.922","1.57467075365274","Fora"
"291","14.14","8.823","1.57467075365274","Fora"
"292","14.33","8.945","1.57467075365274","Fora"
"293","13.95","8.837","1.57467075365274","Fora"
"294","14.23","8.814","1.57467075365274","Fora"
"295","14.14","8.931","1.57467075365274","Fora"
"296","13.65","8.649","1.57467075365274","Fora"
"297","13.51","8.602","1.57467075365274","Fora"
"298","13.8","8.668","1.57467075365274","Fora"
"299","13.64","8.461","1.57467075365274","Fora"
"300","13.5601152800275","8.42497947685939","1.57467075365274","Fora"
"301","13.7186541599329","8.54312690554972","1.57467075365274","Fora"
"302","13.9","8.63","1.57467075365274","Fora"
"303","14.01","8.63","1.57467075365274","Fora"
"304","13.85","8.508","1.57467075365274","Fora"
"305","13.1","8","1.57467075365274","Fora"
"306","13.28","8.113","1.57467075365274","Fora"
"307","13.85","8.273","1.57467075365274","Fora"
"308","13.31","8.268","1.57467075365274","Fora"
"309","13.57","8.414","1.57467075365274","Fora"
"310","13.45","8.179","1.57467075365274","Fora"
"311","14.03","8.649","1.57467075365274","Fora"
"312","14.13","8.649","1.57467075365274","Fora"
"313","14.3","8.809","1.57467075365274","Fora"
"314","14.59","8.832","1.57467075365274","Fora"
"315","14.55","8.814","1.57467075365274","Fora"
"316","14.98","8.842","1.57467075365274","Fora"
"317","15.51","8.983","1.57467075365274","OpenRight"
"318","15.8","8.926","1.57467075365274","OpenRight"
"319","15.5","8.738","1.57467075365274","OpenRight"
"320","16.6","9.213","1.57467075365274","OpenRight"
"321","15.98","8.969","1.57467075365274","OpenRight"
"322","16","8.861","1.57467075365274","OpenRight"
"323","16.53","9.147","1.57467075365274","OpenRight"
"324","17","9.119","1.57467075365274","OpenRight"
"325","16.7","8.931","1.57467075365274","OpenRight"
"326","16.87","9.096","1.57467075365274","OpenRight"
"327","17.76","9.19","1.57467075365274","OpenRight"
"328","18.23","9.448","1.57467075365274","OpenRight"
"329","19.1","9.575","1.57467075365274","OpenRight"
"330","19","9.636","1.57467075365274","OpenRight"
"331","18.89","9.669","1.57467075365274","OpenRight"
"332","17.35","9.73","1.57467075365274","OutRight"
"333","16.86","10.13","1.57467075365274","OpenLeft"
"334","16.7666007455429","10.4078585569405","1.57467075365274","OpenLeft"
"335","16.89","10.13","1.57467075365274","OpenLeft"
"336","17.13","9.871","1.57467075365274","OpenLeft"
"337","17.5","9.796","1.57467075365274","OpenLeft"
"338","18.35","10.13","1.57467075365274","OutLeft"
"339","18.41","10.106","1.57467075365274","Fora"
"340","18","9.768","1.57467075365274","Fora"
"341","17.6497510502954","9.52035482796197","1.57467075365274","Fora"
"342","17.8","9.589","1.57467075365274","Fora"
"343","18.62","10.102","1.57467075365274","Fora"
"344","18.6","10.153","1.57467075365274","Fora"
"345","18.12","9.885","1.57467075365274","Fora"
"346","18.36","10.012","1.57467075365274","Fora"
"347","19.1","10.388","1.57467075365274","Fora"
"348","18.46","10.661","1.57467075365274","OpenLeft"
"349","18.2142147975483","10.7977209678691","1.57467075365274","OpenLeft"
"350","19.34","10.981","1.57467075365274","OpenLeft"
"351","19.55","11.187","1.57467075365274","OpenLeft"
"352","21.06","11.371","1.57467075365274","OutLeft"
"353","20","10.816","1.57467075365274","Fora"
"354","20.33","11.117","1.57467075365274","Fora"
"355","20.37","10.905","1.57467075365274","OpenRight"
"356","19.9","10.717","1.57467075365274","OpenRight"
"357","19.35","10.341","1.57467075365274","OpenRight"
"358","20.2","10.689","1.57467075365274","OpenRight"
"359","19.74","10.553","1.57467075365274","OpenRight"
"360","20.76","10.995","1.57467075365274","OpenRight"
"361","21.05","10.901","1.57467075365274","OpenRight"
"362","20.65","10.952","1.57467075365274","OpenRight"
"363","20.35","10.938","1.57467075365274","OpenRight"
"364","20.2","11.042","1.57467075365274","OpenRight"
"365","20.2","11.164","1.57467075365274","OutRight"
"366","21.04","11.366","1.57467075365274","Fora"
"367","21","11.333","1.57467075365274","Fora"
"368","21.55","11.606","1.57467075365274","Fora"
"369","21.16","11.516","1.57467075365274","Fora"
"370","21.57","11.742","1.57467075365274","Fora"
"371","22.1","11.601","1.57467075365274","OpenRight"
"372","21.38","11.258","1.57467075365274","OpenRight"
"373","22.35","11.465","1.57467075365274","OpenRight"
"374","21.8","11.394","1.57467075365274","OpenRight"
"375","22.19","11.507","1.57467075365274","OpenRight"
"376","21.85","11.305","1.57467075365274","OpenRight"
"377","22.05","11.46","1.57467075365274","OpenRight"
"378","22.1686884538476","11.6525610840675","1.57467075365274","OpenRight"
"379","22.1","11.751","1.57467075365274","OpenRight"
"380","21.4","11.451","1.57467075365274","OpenRight"
"381","21","11.234","1.57467075365274","OpenRight"
"382","20.95","11.164","1.57467075365274","OpenRight"
"383","20.5","11.098","1.57467075365274","OutRight"
"384","21","11.324","1.57467075365274","Fora"
"385","20.42","10.976","1.57467075365274","Fora"
"386","20.26","10.717","1.57467075365274","Fora"
"387","20.05","10.694","1.57467075365274","Fora"
"388","21.3","11.046","1.57467075365274","Fora"
"389","21.2","11.183","1.57467075365274","Fora"
"390","21.32","11.399","1.57467075365274","Fora"
"391","21.18","11.277","1.57467075365274","Fora"
"392","21.35","11.23","1.57467075365274","Fora"
"393","21.8","10.99","1.57467075365274","OpenRight"
"394","21.8","10.858","1.57467075365274","OpenRight"
"395","21.9","10.858","1.57467075365274","OpenRight"
"396","21.68","10.67","1.57467075365274","OpenRight"
"397","21","10.52","1.57467075365274","OpenRight"
"398","20.6321654796433","10.4226644316001","1.57467075365274","OpenRight"
"399","20.6","10.426","1.57467075365274","OpenRight"
"400","20.6","10.637","1.57467075365274","OpenRight"
"401","20.6","10.529","1.57467075365274","OpenRight"
"402","21.54","11.037","1.57467075365274","OpenRight"
"403","21.54","11.046","1.57467075365274","OpenRight"
"404","21.6","11.06","1.57467075365274","OpenRight"
"405","21.95","11.333","1.57467075365274","OpenRight"
"406","22.22","11.281","1.57467075365274","OpenRight"
"407","22.14","11.14","1.57467075365274","OpenRight"
"408","22.7","11.352","1.57467075365274","OpenRight"
"409","23.2","11.446","1.57467075365274","OpenRight"
"410","23.3","11.422","1.57467075365274","OpenRight"
"411","23.55","11.38","1.57467075365274","OpenRight"
"412","23.15","11.15","1.57467075365274","OpenRight"
"413","23.77","11.563","1.57467075365274","OpenRight"
"414","23.64","11.587","1.57467075365274","OpenRight"
"415","24.09","11.798","1.57467075365274","OpenRight"
"416","24.57","11.535","1.57467075365274","OpenRight"
"417","25.39","11.634","1.57467075365274","OpenRight"
"418","24.4","11.587","1.57467075365274","OpenRight"
"419","24.5","11.7","1.57467075365274","OpenRight"
"420","24.6","12.005","1.57467075365274","OpenRight"
"421","24.7","11.587","1.57467075365274","OpenRight"
"422","24.84","11.775","1.57467075365274","OpenRight"
"423","25.43","11.582","1.57467075365274","OpenRight"
"424","25.11","11.436","1.57467075365274","OpenRight"
"425","24.38","11.164","1.57467075365274","OpenRight"
"426","24.95","11.225","1.57467075365274","OpenRight"
"427","25.3","11.31","1.57467075365274","OpenRight"
"428","25.64","11.516","1.57467075365274","OpenRight"
"429","25.64","11.563","1.57467075365274","OpenRight"
"430","25.65","11.573","1.57467075365274","OpenRight"
"431","25.92","11.662","1.57467075365274","OpenRight"
"432","26.3","11.747","1.57467075365274","OpenRight"
"433","26.5","11.845","1.57467075365274","OpenRight"
"434","26.62","11.911","1.57467075365274","OpenRight"
"435","26.16","11.798","1.57467075365274","OpenRight"
"436","25.75","11.573","1.57467075365274","OpenRight"
"437","25.51","11.606","1.57467075365274","OpenRight"
"438","25.78","11.61","1.57467075365274","OpenRight"
"439","26.55","11.972","1.57467075365274","OpenRight"
"440","26.863740994159","12.160108691762","1.57467075365274","OpenRight"
"441","26.99","12.113","1.57467075365274","OpenRight"
"442","27.44","12.174","1.57467075365274","OpenRight"
"443","27.7","12.325","1.57467075365274","OpenRight"
"444","27.57","12.499","1.57467075365274","OpenRight"
"445","28.2","12.551","1.57467075365274","OpenRight"
"446","28.84","12.701","1.57467075365274","OpenRight"
"447","29.25","13.138","1.57467075365274","OpenRight"
"448","29.6","13.232","1.57467075365274","OpenRight"
"449","29.81","13.491","1.57467075365274","OpenRight"
"450","29.5","13.505","1.57467075365274","OpenRight"
"451","29.89","13.585","1.57467075365274","OpenRight"
"452","29.26","13.298","1.57467075365274","OpenRight"
"453","29.1","13.068","1.57467075365274","OpenRight"
"454","29.52","12.95","1.57467075365274","OpenRight"
"455","30","13.044","1.57467075365274","OpenRight"
"456","30.57","13.26","1.57467075365274","OpenRight"
"457","31.23","13.702","1.57467075365274","OpenRight"
"458","30.65","13.448","1.57467075365274","OpenRight"
"459","30.32","13.538","1.57467075365274","OpenRight"
"460","30.85","14.055","1.57467075365274","OpenRight"
"461","30.45","13.702","1.57467075365274","OpenRight"
"462","29.7","13.246","1.57467075365274","OpenRight"
"463","30.25","13.491","1.57467075365274","OpenRight"
"464","30.88","13.632","1.57467075365274","OpenRight"
"465","30.8098497701423","13.4923497196976","1.57467075365274","OpenRight"
"466","31.4","13.763","1.57467075365274","OpenRight"
"467","32.4","14.243","1.57467075365274","OpenRight"
"468","32.05","14.29","1.57467075365274","OpenRight"
"469","31.24","13.965","1.57467075365274","OpenRight"
"470","31.39","14.078","1.57467075365274","OpenRight"
"471","30.43","13.679","1.57467075365274","OutRight"
"472","30.45","13.632","1.57467075365274","Fora"
"473","31.05","13.961","1.57467075365274","Fora"
"474","30.4","13.796","1.57467075365274","Fora"
"475","30.07","13.66","1.57467075365274","Fora"
"476","29.1","13.26","1.57467075365274","OpenLeft"
"477","27.1","12.856","1.57467075365274","OpenLeft"
"478","29.15","13.538","1.57467075365274","OpenLeft"
"479","28.21","13.152","1.57467075365274","OpenLeft"
"480","28.0236931735688","13.2862196387245","1.57467075365274","OpenLeft"
"481","29.08","13.397","1.57467075365274","OpenLeft"
"482","29.95","13.289","1.57467075365274","OutLeft"
"483","29.95","13.397","1.57467075365274","Fora"
"484","29.65","13.345","1.57467075365274","Fora"
"485","30.9","13.632","1.57467075365274","OpenRight"
"486","31.24","13.702","1.57467075365274","OpenRight"
"487","31.12","13.702","1.57467075365274","OpenRight"
"488","31.07","13.35","1.57467075365274","OpenRight"
"489","32","13.495","1.57467075365274","OpenRight"
"490","31.9","13.956","1.57467075365274","OpenRight"
"491","31.9","13.984","1.57467075365274","OpenRight"
"492","30.9","14.008","1.57467075365274","OutRight"
"493","30.65","13.726","1.57467075365274","Fora"
"494","30.7396831356191","13.554411976337","1.57467075365274","Fora"
"495","30.88","13.815","1.57467075365274","Fora"
"496","30.8","13.937","1.57467075365274","Fora"
"497","30.83","13.984","1.57467075365274","Fora"
"498","30.19","13.669","1.57467075365274","Fora"
"499","30.78","13.806","1.57467075365274","Fora"
"500","30.9","13.683","1.57467075365274","Fora"
"501","30.73","14.102","1.57467075365274","Fora"
"502","30.4","14.327","1.57467075365274","OpenLeft"
"503","30.5","14.29","1.57467075365274","OpenLeft"
"504","30.31","14.356","1.57467075365274","OpenLeft"
"505","31.1","14.525","1.57467075365274","OpenLeft"
"506","30.9","14.435","1.57467075365274","OpenLeft"
"507","30.67","14.417","1.57467075365274","OpenLeft"
"508","30.69","14.567","1.57467075365274","OpenLeft"
"509","30.78","14.736","1.57467075365274","OpenLeft"
"510","31","14.572","1.57467075365274","OpenLeft"
"511","31","14.647","1.57467075365274","OpenLeft"
"512","30.65","14.29","1.57467075365274","OpenLeft"
"513","29.45","13.9","1.57467075365274","OpenLeft"
"514","29.6","13.806","1.57467075365274","OpenLeft"
"515","29.2","13.82","1.57467075365274","OpenLeft"
"516","28.95","13.918","1.57467075365274","OpenLeft"
"517","29.01","13.777","1.57467075365274","OpenLeft"
"518","29.1356515942413","13.6551527987613","1.57467075365274","OpenLeft"
"519","29.2272866337815","13.6194435440266","1.57467075365274","OpenLeft"
"520","29.01","13.768","1.57467075365274","OpenLeft"
"521","28.95","13.871","1.57467075365274","OpenLeft"
"522","29.7","14.097","1.57467075365274","OpenLeft"
"523","30.0676885205479","14.0834740521804","1.57467075365274","OpenLeft"
"524","29.7","14.097","1.57467075365274","OpenLeft"
"525","29.9","14.572","1.57467075365274","OpenLeft"
"526","29.6","14.365","1.57467075365274","OpenLeft"
"527","29.64","14.28","1.57467075365274","OpenLeft"
"528","29.65","14.247","1.57467075365274","OpenLeft"
"529","29.82","14.266","1.57467075365274","OpenLeft"
"530","30.05","14.219","1.57467075365274","OpenLeft"
"531","29.8","14.29","1.57467075365274","OpenLeft"
"532","30.18","14.384","1.57467075365274","OpenLeft"
"533","29.75","14.196","1.57467075365274","OpenLeft"
"534","29.25","13.876","1.57467075365274","OpenLeft"
"535","29.26","14.008","1.57467075365274","OpenLeft"
"536","29.75","14.238","1.57467075365274","OpenLeft"
"537","28.86","13.795","1.57467075365274","OpenLeft"
"538","28.39","13.495","1.57467075365274","OpenLeft"
"539","28.54","13.65","1.57467075365274","OpenLeft"
"540","28.54","13.65","1.57467075365274","OpenLeft"
"541","27.77","13.65","1.57467075365274","OpenLeft"
"542","27.55","13.392","1.57467075365274","OpenLeft"
"543","27.6","13.49","1.57467075365274","OpenLeft"
"544","28.1","13.289","1.57467075365274","OpenLeft"
"545","30","13.444","1.57467075365274","OutLeft"
"546","30.6","13.594","1.57467075365274","OpenRight"
"547","29.85","13.64","1.57467075365274","OpenRight"
"548","29.3","13.232","1.57467075365274","OpenRight"
"549","27.9","12.875","1.57467075365274","OpenRight"
"550","28.25","12.746","1.57467075365274","OpenRight"
"551","29.66","13.087","1.57467075365274","OpenRight"
"552","30.4","13.289","1.57467075365274","OpenRight"
"553","31.02","13.48","1.57467075365274","OpenRight"
"554","30.5","13.382","1.57467075365274","OpenRight"
"555","30.5","13.382","1.57467075365274","OpenRight"
"556","30.5","13.382","1.57467075365274","OpenRight"
"557","30.38","13.64","1.57467075365274","OpenRight"
"558","30.65","13.588","1.57467075365274","OpenRight"
"559","30.71","13.501","1.57467075365274","OpenRight"
"560","30.6","13.263","1.57467075365274","OpenRight"
"561","30.18","12.999","1.57467075365274","OpenRight"
"562","30.45","12.921","1.57467075365274","OpenRight"
"563","30","12.916","1.57467075365274","OpenRight"
"564","29.77","13.216","1.57467075365274","OutRight"
"565","30","13.232","1.57467075365274","Fora"
"566","29.63","13.34","1.57467075365274","Fora"
"567","29.42","13.335","1.57467075365274","OpenLeft"
"568","29.4","13.366","1.57467075365274","OpenLeft"
"569","29.8","13.418","1.57467075365274","OpenLeft"
"570","29.38","13.314","1.57467075365274","OpenLeft"
"571","29.9","13.413","1.57467075365274","OpenLeft"
"572","30.2","13.444","1.57467075365274","OpenLeft"
"573","30.16","13.407","1.57467075365274","OpenLeft"
"574","29.9","13.387","1.57467075365274","OpenLeft"
"575","30.01","13.34","1.57467075365274","OpenLeft"
"576","30.25","13.444","1.57467075365274","OpenLeft"
"577","30.09","13.356","1.57467075365274","OpenLeft"
"578","29.84","13.392","1.57467075365274","OpenLeft"
"579","29.5","13.195","1.57467075365274","OpenLeft"
"580","29.63","13.211","1.57467075365274","OpenLeft"
"581","29.5","13.014","1.57467075365274","OpenLeft"
"582","29.5","12.901","1.57467075365274","OpenLeft"
"583","29.4","13.077","1.57467075365274","OpenLeft"
"584","29.55","13.17","1.57467075365274","OpenLeft"
"585","29.75","13.273","1.57467075365274","OpenLeft"
"586","29.71","13.32","1.57467075365274","OpenLeft"
"587","29.85","13.542","1.57467075365274","OpenLeft"
"588","29.8","13.697","1.57467075365274","OpenLeft"
"589","29.8","13.697","1.57467075365274","OpenLeft"
"590","30","13.687","1.57467075365274","OpenLeft"
"591","30.04","13.49","1.57467075365274","OpenLeft"
"592","29.99","13.511","1.57467075365274","OpenLeft"
"593","30.77","13.873","1.57467075365274","OpenLeft"
"594","31","13.893","1.57467075365274","OutLeft"
"595","31.1","13.681","1.57467075365274","OpenRight"
"596","30.85","13.583","1.57467075365274","OpenRight"
"597","30.55","13.625","1.57467075365274","OpenRight"
"598","30.9","13.547","1.57467075365274","OpenRight"
"599","30.5","13.092","1.57467075365274","OpenRight"
"600","30.15","13.123","1.57467075365274","OpenRight"
"601","29.94","13.237","1.57467075365274","OpenRight"
"602","29.94","13.237","1.57467075365274","OpenRight"
"603","29.67","13.257","1.57467075365274","OutRight"
"604","29.85","13.18","1.57467075365274","Fora"
"605","29.82","13.004","1.57467075365274","Fora"
"606","28.85","12.823","1.57467075365274","Fora"
"607","29.44","13.03","1.57467075365274","Fora"
"608","30","13.216","1.57467075365274","Fora"
"609","29.99","13.366","1.57467075365274","Fora"
"610","29.51","13.283","1.57467075365274","Fora"
"611","28.06","12.828","1.57467075365274","OpenLeft"
"612","28.23","12.89","1.57467075365274","OpenLeft"
"613","27.8","12.968","1.57467075365274","OpenLeft"
"614","27.62","12.833","1.57467075365274","OpenLeft"
"615","28.5","13.201","1.57467075365274","OpenLeft"
"616","27.9","13.03","1.57467075365274","OpenLeft"
"617","27.86","13.097","1.57467075365274","OpenLeft"
"618","27.51","12.983","1.57467075365274","OpenLeft"
"619","26.65","12.771","1.57467075365274","OpenLeft"
"620","27.2","12.771","1.57467075365274","OpenLeft"
"621","26.89","12.565","1.57467075365274","OpenLeft"
"622","25.96","12.166","1.57467075365274","OpenLeft"
"623","25.3","11.97","1.57467075365274","OpenLeft"
"624","26.18","12.559","1.57467075365274","OpenLeft"
"625","25.78","12.384","1.57467075365274","OpenLeft"
"626","25.52","11.877","1.57467075365274","OpenLeft"
"627","25.8","11.867","1.57467075365274","OpenLeft"
"628","26.45","12.347","1.57467075365274","OpenLeft"
"629","25.89","12.384","1.57467075365274","OpenLeft"
"630","25.98","12.72","1.57467075365274","OpenLeft"
"631","25.67","12.539","1.57467075365274","OpenLeft"
"632","26.71","12.689","1.57467075365274","OpenLeft"
"633","26.71","12.689","1.57467075365274","OpenLeft"
"634","26.83","12.663","1.57467075365274","OpenLeft"
"635","26.4","12.404","1.57467075365274","OpenLeft"
"636","26.55","12.41","1.57467075365274","OpenLeft"
"637","26.25","12.322","1.57467075365274","OpenLeft"
"638","26.76","12.565","1.57467075365274","OpenLeft"
"639","26.9","12.611","1.57467075365274","OpenLeft"
"640","27.5","12.513","1.57467075365274","OutLeft"
"641","27.22","12.787","1.57467075365274","Fora"
"642","27.39","12.823","1.57467075365274","Fora"
"643","27.24","12.72","1.57467075365274","Fora"
"644","27.22","12.771","1.57467075365274","Fora"
"645","28.19","12.875","1.57467075365274","OpenRight"
"646","28.25","12.833","1.57467075365274","OpenRight"
"647","27.71","12.746","1.57467075365274","OpenRight"
"648","27.37","12.435","1.57467075365274","OpenRight"
"649","27.1","12.663","1.57467075365274","OpenRight"
"650","26.6","12.653","1.57467075365274","OutRight"
"651","25.5","11.996","1.57467075365274","Fora"
"652","24.65","12.037","1.57467075365274","OpenLeft"
"653","26.16","12.404","1.57467075365274","OpenLeft"
"654","26.5","12.59","1.57467075365274","OpenLeft"
"655","26.3","12.404","1.57467075365274","OpenLeft"
"656","26.95","12.668","1.57467075365274","OpenLeft"
"657","27.75","13.237","1.57467075365274","OpenLeft"
"658","27.69","13.351","1.57467075365274","OpenLeft"
"659","27.69","13.351","1.57467075365274","OpenLeft"
"660","27.79","13.376","1.57467075365274","OpenLeft"
"661","28.44","13.371","1.57467075365274","OutLeft"
"662","28.29","13.417","1.57467075365274","Fora"
"663","28.73","13.395","1.57467075365274","Fora"
"664","27.91","13.127","1.57467075365274","Fora"
"665","28.2","13.486","1.57467075365274","Fora"
"666","28.1","13.685","1.57467075365274","Fora"
"667","28.26","13.719","1.57467075365274","Fora"
"668","29.08","13.878","1.57467075365274","Fora"
"669","29.48","14.043","1.57467075365274","Fora"
"670","29.05","14.014","1.57467075365274","Fora"
"671","28.7","14.032","1.57467075365274","Fora"
"672","29.9","14.56","1.57467075365274","Fora"
"673","29.9","14.583","1.57467075365274","Fora"
"674","30.54","14.674","1.57467075365274","Fora"
"675","30.46","14.731","1.57467075365274","Fora"
"676","29.6","14.498","1.57467075365274","Fora"
"677","29.3","14.487","1.57467075365274","Fora"
"678","30","14.498","1.57467075365274","Fora"
"679","30.34","14.492","1.57467075365274","Fora"
"680","30.7","14.578","1.57467075365274","Fora"
"681","30.31","14.447","1.57467075365274","Fora"
"682","29.7","14.1","1.57467075365274","Fora"
"683","30.35","14.168","1.57467075365274","OpenRight"
"684","30.44","14.248","1.57467075365274","OpenRight"
"685","30.3","14.39","1.57467075365274","OpenRight"
"686","30.15","14.435","1.57467075365274","OpenRight"
"687","29.92","14.475","1.57467075365274","OpenRight"
"688","29.2","14.322","1.57467075365274","OutRight"
"689","29.63","14.276","1.57467075365274","Fora"
"690","29.4","14.276","1.57467075365274","Fora"
"691","28.99","13.963","1.57467075365274","Fora"
"692","28.99","13.821","1.57467075365274","Fora"
"693","28.2","13.645","1.57467075365274","Fora"
"694","28.25","13.935","1.57467075365274","OpenLeft"
"695","27.69","13.65","1.57467075365274","OpenLeft"
"696","28.48","14.037","1.57467075365274","OpenLeft"
"697","29.45","14.35","1.57467075365274","OpenLeft"
"698","28.95","14.128","1.57467075365274","OpenLeft"
"699","28.49","13.969","1.57467075365274","OpenLeft"
"700","28.23","13.872","1.57467075365274","OpenLeft"
"701","28.23","13.872","1.57467075365274","OpenLeft"
"702","28.26","14.02","1.57467075365274","OpenLeft"
"703","28.27","14.049","1.57467075365274","OpenLeft"
"704","28","14.071","1.57467075365274","OpenLeft"
"705","29","14.504","1.57467075365274","OpenLeft"
"706","29.35","14.543","1.57467075365274","OpenLeft"
"707","29.61","14.748","1.57467075365274","OpenLeft"
"708","29.5","14.589","1.57467075365274","OpenLeft"
"709","29.16","14.447","1.57467075365274","OpenLeft"
"710","29.79","14.674","1.57467075365274","OpenLeft"
"711","30","14.504","1.57467075365274","OutLeft"
"712","30.4","14.504","1.57467075365274","OpenRight"
"713","30.95","14.674","1.57467075365274","OpenRight"
"714","30.3","14.526","1.57467075365274","OpenRight"
"715","30.9","14.509","1.57467075365274","OpenRight"
"716","31","14.731","1.57467075365274","OpenRight"
"717","31.58","15.044","1.57467075365274","OpenRight"
"718","32.13","15.328","1.57467075365274","OpenRight"
"719","32.72","15.357","1.57467075365274","OpenRight"
"720","32.89","15.357","1.57467075365274","OpenRight"
"721","33.17","15.795","1.57467075365274","OpenRight"
"722","33.05","15.641","1.57467075365274","OpenRight"
"723","32.61","15.664","1.57467075365274","OpenRight"
"724","33.25","15.999","1.57467075365274","OpenRight"
"725","33.4","15.982","1.57467075365274","OpenRight"
"726","33.4","15.982","1.57467075365274","OpenRight"
"727","34.85","16.102","1.57467075365274","OpenRight"
"728","34.33","15.874","1.57467075365274","OpenRight"
"729","34.8","15.783","1.57467075365274","OpenRight"
"730","34.5","15.641","1.57467075365274","OpenRight"
"731","33.91","15.527","1.57467075365274","OpenRight"
"732","34.4","15.618","1.57467075365274","OpenRight"
"733","33.52","15.391","1.57467075365274","OpenRight"
"734","33.57","15.755","1.57467075365274","OpenRight"
"735","33.75","15.943","1.57467075365274","OpenRight"
"736","34.1","16.199","1.57467075365274","OpenRight"
"737","33.85","15.584","1.57467075365274","OpenRight"
"738","33.35","15.391","1.57467075365274","OpenRight"
"739","33.1","15.584","1.57467075365274","OutRight"
"740","33.68","15.926","1.57467075365274","Fora"
"741","33.68","15.926","1.57467075365274","Fora"
"742","34.11","16.233","1.57467075365274","Fora"
"743","34.98","16.381","1.57467075365274","Fora"
"744","34.83","16.381","1.57467075365274","Fora"
"745","34.67","16.432","1.57467075365274","Fora"
"746","33.84","15.926","1.57467075365274","Fora"
"747","33.81","16.17","1.57467075365274","Fora"
"748","33.72","15.772","1.57467075365274","Fora"
"749","33.85","15.715","1.57467075365274","Fora"
"750","33.85","15.715","1.57467075365274","Fora"
"751","33.9","15.556","1.57467075365274","Fora"
"752","33.8","15.453","1.57467075365274","Fora"
"753","34.24","15.527","1.57467075365274","OpenRight"
"754","34.3","15.584","1.57467075365274","OpenRight"
"755","33.8","15.317","1.57467075365274","OpenRight"
"756","32.28","14.902","1.57467075365274","OutRight"
"757","32.72","15.271","1.57467075365274","Fora"
"758","32.9","15.3","1.57467075365274","Fora"
"759","32.91","15.357","1.57467075365274","Fora"
"760","33.17","15.232","1.57467075365274","Fora"
"761","32.9","15.061","1.57467075365274","Fora"
"762","33.77","15.158","1.57467075365274","OpenRight"
"763","33.49","15.266","1.57467075365274","OpenRight"
"764","32.6","14.947","1.57467075365274","OpenRight"
"765","31.95","14.765","1.57467075365274","OutRight"
"766","31.88","14.617","1.57467075365274","Fora"
"767","31.41","14.646","1.57467075365274","OpenLeft"
"768","31","14.515","1.57467075365274","OpenLeft"
"769","30.85","14.475","1.57467075365274","OpenLeft"
"770","31.18","14.589","1.57467075365274","OpenLeft"
"771","31.16","14.555","1.57467075365274","OpenLeft"
"772","31.05","14.356","1.57467075365274","OpenLeft"
"773","30.75","14.219","1.57467075365274","OpenLeft"
"774","30.62","14.316","1.57467075365274","OpenLeft"
"775","30.05","14.11","1.57467075365274","OpenLeft"
"776","30.55","14.366","1.57467075365274","OpenLeft"
"777","30.9","14.628","1.57467075365274","OpenLeft"
"778","31.04","14.599","1.57467075365274","OpenLeft"
"779","31.04","14.599","1.57467075365274","OpenLeft"
"780","30.85","14.343","1.57467075365274","OpenLeft"
"781","30.79","14.286","1.57467075365274","OpenLeft"
"782","31","14.457","1.57467075365274","OpenLeft"
"783","31.42","14.628","1.57467075365274","OpenLeft"
"784","31.42","14.628","1.57467075365274","OpenLeft"
"785","31.4","14.816","1.57467075365274","OpenLeft"
"786","31.53","14.856","1.57467075365274","OpenLeft"
"787","31.98","14.969","1.57467075365274","OpenLeft"
"788","31.7","14.611","1.57467075365274","OutLeft"
"789","30.95","14.497","1.57467075365274","Fora"
"790","31","14.44","1.57467075365274","Fora"
"791","31.37","14.44","1.57467075365274","Fora"
"792","31.92","14.611","1.57467075365274","Fora"
"793","31.6","14.343","1.57467075365274","Fora"
"794","31.77","14.434","1.57467075365274","Fora"
"795","31.4","14.281","1.57467075365274","Fora"
"796","31.55","14.383","1.57467075365274","Fora"
"797","31.1","14.292","1.57467075365274","Fora"
"798","30.89","14.11","1.57467075365274","Fora"
"799","30.75","14.161","1.57467075365274","Fora"
"800","31.03","14.286","1.57467075365274","Fora"
"801","31.03","14.286","1.57467075365274","Fora"
"802","31","14.229","1.57467075365274","Fora"
"803","31","14.229","1.57467075365274","Fora"
"804","30.36","14.002","1.57467075365274","Fora"
"805","29.76","13.888","1.57467075365274","Fora"
"806","29.9","13.945","1.57467075365274","Fora"
"807","29.58","13.803","1.57467075365274","Fora"
"808","29.26","13.774","1.57467075365274","OpenLeft"
"809","28.1","13.319","1.57467075365274","OpenLeft"
"810","28.28","13.433","1.57467075365274","OpenLeft"
"811","28.8","13.768","1.57467075365274","OpenLeft"
"812","28.08","13.518","1.57467075365274","OpenLeft"
"813","28.24","13.632","1.57467075365274","OpenLeft"
"814","29.58","14.11","1.57467075365274","OpenLeft"
"815","29.77","14.155","1.57467075365274","OpenLeft"
"816","30.4","14.315","1.57467075365274","OpenLeft"
"817","31.43","14.571","1.57467075365274","OutLeft"
"818","31.23","14.525","1.57467075365274","Fora"
"819","31.14","14.412","1.57467075365274","Fora"
"820","30.66","14.269","1.57467075365274","Fora"
"821","29.35","14.002","1.57467075365274","Fora"
"822","29.4","14.059","1.57467075365274","Fora"
"823","29.3","14.173","1.57467075365274","OpenLeft"
"824","29.17","14.173","1.57467075365274","OpenLeft"
"825","29.75","14.457","1.57467075365274","OpenLeft"
"826","28.95","14.372","1.57467075365274","OpenLeft"
"827","29.18","14.326","1.57467075365274","OpenLeft"
"828","29.54","14.616","1.57467075365274","OpenLeft"
"829","29.62","14.679","1.57467075365274","OpenLeft"
"830","29.62","14.679","1.57467075365274","OpenLeft"
"831","29.62","14.679","1.57467075365274","OpenLeft"
"832","28.85","14.395","1.57467075365274","OpenLeft"
"833","28.01","13.911","1.57467075365274","OpenLeft"
"834","28.18","14.002","1.57467075365274","OpenLeft"
"835","28.5","13.996","1.57467075365274","OpenLeft"
"836","28.83","14.059","1.57467075365274","OpenLeft"
"837","28.15","13.814","1.57467075365274","OpenLeft"
"838","28.1","13.797","1.57467075365274","OpenLeft"
"839","28.5","13.956","1.57467075365274","OpenLeft"
"840","28.54","14.042","1.57467075365274","OpenLeft"
"841","29","14.503","1.57467075365274","OpenLeft"
"842","28.85","14.286","1.57467075365274","OpenLeft"
"843","28.7","14.338","1.57467075365274","OpenLeft"
"844","28.55","14.252","1.57467075365274","OpenLeft"
"845","28.37","14.912","1.57467075365274","OpenLeft"
"846","28.21","15.282","1.57467075365274","OpenLeft"
"847","28.83","15.584","1.57467075365274","OpenLeft"
"848","29.55","15.869","1.57467075365274","OpenLeft"
"849","29.98","16.074","1.57467075365274","OpenLeft"
"850","29.9","15.823","1.57467075365274","OpenLeft"
"851","29.73","15.795","1.57467075365274","OpenLeft"
"852","29.8","15.795","1.57467075365274","OpenLeft"
"853","29.75","15.88","1.57467075365274","OpenLeft"
"854","29.39","15.595","1.57467075365274","OpenLeft"
"855","29","15.368","1.57467075365274","OpenLeft"
"856","28.37","15.243","1.57467075365274","OpenLeft"
"857","28.48","15.243","1.57467075365274","OpenLeft"
"858","28.28","15.083","1.57467075365274","OpenLeft"
"859","27.86","15.026","1.57467075365274","OpenLeft"
"860","27.84","14.998","1.57467075365274","OpenLeft"
"861","28.15","14.799","1.57467075365274","OpenLeft"
"862","29.03","15.026","1.57467075365274","OutLeft"
"863","29.03","15.026","1.57467075365274","Fora"
"864","29.03","15.026","1.57467075365274","Fora"
"865","29","15.015","1.57467075365274","Fora"
"866","29.4","15.22","1.57467075365274","Fora"
"867","29.4","15.191","1.57467075365274","Fora"
"868","28.7","14.827","1.57467075365274","Fora"
"869","28.99","15.083","1.57467075365274","Fora"
"870","28.89","14.827","1.57467075365274","Fora"
"871","28.1","14.514","1.57467075365274","Fora"
"872","27.55","14.446","1.57467075365274","Fora"
"873","27.64","14.651","1.57467075365274","Fora"
"874","28.36","14.907","1.57467075365274","Fora"
"875","28.48","15.078","1.57467075365274","Fora"
"876","29.15","15.311","1.57467075365274","Fora"
"877","29.05","15.095","1.57467075365274","Fora"
"878","29.3","15.083","1.57467075365274","Fora"
"879","28.42","14.856","1.57467075365274","Fora"
"880","27.9","14.742","1.57467075365274","Fora"
"881","28","14.918","1.57467075365274","Fora"
"882","27.28","14.417","1.57467075365274","Fora"
"883","27.25","14.457","1.57467075365274","Fora"
"884","27","14.4","1.57467075365274","Fora"
"885","27.13","14.429","1.57467075365274","Fora"
"886","27.53","14.793","1.57467075365274","Fora"
"887","27.25","14.622","1.57467075365274","Fora"
"888","28.1","15.021","1.57467075365274","Fora"
"889","28.38","14.998","1.57467075365274","Fora"
"890","28.3","14.884","1.57467075365274","Fora"
"891","28.05","14.941","1.57467075365274","Fora"
"892","27.61","14.73","1.57467075365274","Fora"
"893","27.4","14.935","1.57467075365274","Fora"
"894","27.4","14.912","1.57467075365274","Fora"
"895","27.33","14.628","1.57467075365274","Fora"
"896","27.81","14.941","1.57467075365274","Fora"
"897","27.75","14.958","1.57467075365274","Fora"
"898","27.54","14.776","1.57467075365274","Fora"
"899","27.1","14.594","1.57467075365274","Fora"
"900","27.36","14.622","1.57467075365274","Fora"
"901","27.64","14.742","1.57467075365274","Fora"
"902","27.6","14.85","1.57467075365274","Fora"
"903","27.05","14.673","1.57467075365274","Fora"
"904","27.05","14.742","1.57467075365274","Fora"
"905","27.25","14.577","1.57467075365274","Fora"
"906","27.05","14.656","1.57467075365274","Fora"
"907","27.26","14.685","1.57467075365274","Fora"
"908","27.26","14.685","1.57467075365274","Fora"
"909","26.95","14.73","1.57467075365274","Fora"
"910","26.83","14.793","1.57467075365274","Fora"
"911","27.42","15.06","1.57467075365274","Fora"
"912","27.81","15.129","1.57467075365274","Fora"
"913","28","15.243","1.57467075365274","Fora"
"914","28.12","15.254","1.57467075365274","Fora"
"915","28.43","15.339","1.57467075365274","Fora"
"916","28.29","15.362","1.57467075365274","Fora"
"917","28.05","15.14","1.57467075365274","Fora"
"918","27.3","14.901","1.57467075365274","Fora"
"919","26.55","14.77","1.57467075365274","OpenLeft"
"920","25.8","14.355","1.57467075365274","OpenLeft"
"921","25.85","14.053","1.57467075365274","OpenLeft"
"922","26.45","14.309","1.57467075365274","OpenLeft"
"923","25.98","14.002","1.57467075365274","OpenLeft"
"924","25.77","13.888","1.57467075365274","OpenLeft"
"925","25.08","13.49","1.57467075365274","OpenLeft"
"926","25.65","13.717","1.57467075365274","OpenLeft"
"927","26.18","13.945","1.57467075365274","OpenLeft"
"928","26.82","14.167","1.57467075365274","OutLeft"
"929","27.07","14.144","1.57467075365274","OpenRight"
"930","26.48","13.996","1.57467075365274","OpenRight"
"931","25.94","13.945","1.57467075365274","OpenRight"
"932","25.34","13.825","1.57467075365274","OutRight"
"933","25.75","14.087","1.57467075365274","Fora"
"934","26.29","14.218","1.57467075365274","Fora"
"935","26.42","14.19","1.57467075365274","Fora"
"936","25.55","13.683","1.57467075365274","Fora"
"937","25.25","13.444","1.57467075365274","Fora"
"938","24","13.091","1.57467075365274","Fora"
"939","23.99","13.376","1.57467075365274","OpenLeft"
"940","22.63","12.18","1.57467075365274","OpenLeft"
"941","24.24","12.721","1.57467075365274","OutLeft"
"942","23.8","12.75","1.57467075365274","Fora"
"943","24.27","13.034","1.57467075365274","Fora"
"944","24.4","12.937","1.57467075365274","Fora"
"945","24.76","13.051","1.57467075365274","Fora"
"946","24.99","13.063","1.57467075365274","Fora"
"947","25.87","13.262","1.57467075365274","OpenRight"
"948","25.2","12.778","1.57467075365274","OpenRight"
"949","25.08","12.511","1.57467075365274","OpenRight"
"950","24.97","12.573","1.57467075365274","OpenRight"
"951","25.64","12.693","1.57467075365274","OpenRight"
"952","25.73","12.772","1.57467075365274","OpenRight"
"953","25.59","12.653","1.57467075365274","OpenRight"
"954","25.43","12.579","1.57467075365274","OpenRight"
"955","26","12.892","1.57467075365274","OpenRight"
"956","26.2","13.074","1.57467075365274","OpenRight"
"957","26.72","13.461","1.57467075365274","OpenRight"
"958","28.35","14.343","1.57467075365274","OpenRight"
"959","27.62","13.78","1.57467075365274","OpenRight"
"960","26.68","13.359","1.57467075365274","OpenRight"
"961","27.12","13.814","1.57467075365274","OpenRight"
"962","27.12","13.814","1.57467075365274","OpenRight"
"963","27.72","14.013","1.57467075365274","OpenRight"
"964","26.61","13.478","1.57467075365274","OpenRight"
"965","26.1","13.279","1.57467075365274","OpenRight"
"966","25.99","13.296","1.57467075365274","OpenRight"
"967","26.04","13.376","1.57467075365274","OutRight"
"968","26.2","13.461","1.57467075365274","Fora"
"969","26.61","13.66","1.57467075365274","Fora"
"970","26.16","13.603","1.57467075365274","Fora"
"971","25.7","13.552","1.57467075365274","OpenLeft"
"972","25.1","13.546","1.57467075365274","OpenLeft"
"973","24.15","12.858","1.57467075365274","OpenLeft"
"974","23.9","12.624","1.57467075365274","OpenLeft"
"975","24.17","12.721","1.57467075365274","OpenLeft"
"976","24.69","13.006","1.57467075365274","OpenLeft"
"977","24.6","12.994","1.57467075365274","OpenLeft"
"978","24.89","13.085","1.57467075365274","OpenLeft"
"979","24.84","13.057","1.57467075365274","OpenLeft"
"980","23.93","12.687","1.57467075365274","OpenLeft"
"981","23.56","12.801","1.57467075365274","OpenLeft"
"982","23.6","12.784","1.57467075365274","OpenLeft"
"983","23.7","12.972","1.57467075365274","OpenLeft"
"984","23","12.573","1.57467075365274","OpenLeft"
"985","24.17","13.091","1.57467075365274","OpenLeft"
"986","23.35","13.205","1.57467075365274","OpenLeft"
"987","23.35","13.205","1.57467075365274","OpenLeft"
"988","23.55","13.262","1.57467075365274","OpenLeft"
"989","23.69","13.347","1.57467075365274","OpenLeft"
"990","23.45","13.233","1.57467075365274","OpenLeft"
"991","24","13.518","1.57467075365274","OpenLeft"
"992","24.09","13.546","1.57467075365274","OpenLeft"
"993","23.8","13.501","1.57467075365274","OpenLeft"
"994","24.29","13.933","1.57467075365274","OpenLeft"
"995","24.88","14.229","1.57467075365274","OpenLeft"
"996","24.22","14.076","1.57467075365274","OpenLeft"
"997","24.65","14.218","1.57467075365274","OpenLeft"
"998","25.9","14.599","1.57467075365274","OpenLeft"
"999","26.1","14.474","1.57467075365274","OutLeft"
"1000","25.9","14.229","1.57467075365274","Fora"
"1001","25.8","14.195","1.57467075365274","Fora"
"1002","25.8","14.195","1.57467075365274","Fora"
"1003","25.24","14.286","1.57467075365274","Fora"
"1004","25.3","14.229","1.57467075365274","Fora"
"1005","25.48","14.229","1.57467075365274","Fora"
"1006","25.41","14.349","1.57467075365274","Fora"
"1007","24.72","14.235","1.57467075365274","Fora"
"1008","24.45","13.945","1.57467075365274","Fora"
